[[1,{"_parent":null,"_children":[],"partner":null,"children":[],"props":{"childTableName":"UsersTypes","total":null},"childTableKeys":[],"childTableKeysInfo":[],"sysChildTableKeys":[],"sysChildTableKeysInfo":[]}],
[2,{"_parent":1,"_children":[],"parent":null,"relationships":[],"props":{"type":"root"}}],
[3,{"_parent":2,"_children":[],"partner":null,"children":[],"props":{"childTableName":"UsersTypes","parentTableName":"UsersTypes","name":"userstypes","total":21},"childTableKeys":["type"],"childTableKeysInfo":[{"Field":"type","Type":"String"}],"sysChildTableKeys":["parentUsersTypes","positionUsersTypes","id"],"sysChildTableKeysInfo":[{"type":"foreignkey","name":"parentUsersTypes","parentTableName":"UsersTypes"},{"type":"sort_order","name":"positionUsersTypes","parentTableName":"UsersTypes"},{"type":"primary","name":"id"}]}],
[4,{"_parent":3,"_children":[],"parent":null,"relationships":[],"props":{"type":"system administrator","positionUsersTypes":1}}],
[5,{"_parent":4,"_children":[],"partner":null,"children":[],"props":{"childTableName":"Users","parentTableName":"UsersTypes","name":"users","total":3},"childTableKeys":["username","pwd","status","access","creationDate"],"childTableKeysInfo":[{"Field":"username","Type":"String"},{"Field":"pwd","Type":"String"},{"Field":"status","Type":"Number","Default":1},{"Field":"access","Type":"Date"},{"Field":"creationDate","Type":"Date"}],"sysChildTableKeys":["parentUsersTypes","positionUsersTypes","id"],"sysChildTableKeysInfo":[{"type":"foreignkey","name":"parentUsersTypes","parentTableName":"UsersTypes"},{"type":"sort_order","name":"positionUsersTypes","parentTableName":"UsersTypes"},{"type":"primary","name":"id"}]}],
[6,{"_parent":5,"_children":[],"parent":null,"relationships":[],"props":{"username":"systemadmin","pwd":"001000002710431467c4a1fb10f7321b4d82ac957b8416784504a211d0bdbdbcae73347d46c6019dc2cd6c56bd762fb879200c9722ea","positionUsersTypes":1}}],
["index",2]]